50_cent	dr._dre
50_cent	eminem
a._j._mclean	backstreet_boys
aage_bohr	niels_bohr
aaliyah	r._kelly
aaliyah	timbaland
aaron_burr	alexander_hamilton
aaron_carter	backstreet_boys
aaron_ciechanover	avram_hershko
aaron_ciechanover	irwin_rose
abraham_lincoln	andrew_johnson
abraham_lincoln	james_buchanan
abraham_lincoln	john_wilkes_booth
ada_lovelace	charles_babbage
adolf_eichmann	reinhard_heydrich
adolf_hitler	albert_speer
adolf_hitler	benito_mussolini
adolf_hitler	eva_braun
adolf_hitler	hermann_göring
adolf_hitler	joseph_goebbels
adolf_hitler	kurt_von_schleicher
adolf_hitler	paul_von_hindenburg
adrian_smith	bruce_dickinson
aerosmith	steven_tyler
aeschylus	sophocles
agnetha_fältskog	björn_ulvaeus
ahmed_hassan_al-bakr	saddam_hussein
ahmed_iii	mustafa_ii
aileen_wuornos	charlize_theron
akbar_hashemi_rafsanjani	ali_khamenei
akbar_hashemi_rafsanjani	mohammad_khatami
akhenaten	tutankhamun
al_gore	bill_clinton
al_gore	dan_quayle
al_gore	dick_cheney
al_gore	george_w._bush
alain_juppé	lionel_jospin
alain_juppé	édouard_balladur
alain_poher	georges_pompidou
alain_prost	ayrton_senna
alain_prost	jean_alesi
alan_garcía	alberto_fujimori
alan_garcía	alejandro_toledo
alan_greenspan	ben_bernanke
alan_j._heeger	alan_macdiarmid
alan_lloyd_hodgkin	andrew_huxley
alban_berg	anton_webern
alban_berg	arnold_schoenberg
albert_einstein	niels_bohr
albert_fert	peter_grünberg
albert_ii,_prince_of_monaco	grace_kelly
albert_lebrun	philippe_pétain
albert_speer	adolf_hitler
albert_uderzo	rené_goscinny
alberto_fujimori	alan_garcía
albertus_magnus	thomas_aquinas
alec_baldwin	kim_basinger
alec_douglas-home	harold_macmillan
alec_douglas-home	harold_wilson
alejandro_toledo	alan_garcía
aleksander_kwaśniewski	lech_wałęsa
alexander_alekhine	max_euwe
alexander_alekhine	mikhail_botvinnik
alexander_berkman	emma_goldman
alexander_graham_bell	antonio_meucci
alexander_kerensky	georgy_lvov
alexander_severus	elagabalus
alexander_severus	maximinus_thrax
alexander_skarsgård	lady_gaga
alexander_skarsgård	stellan_skarsgård
alexey_rykov	vladimir_lenin
alfred_hitchcock	kim_novak
alfred_hitchcock	tippi_hedren
alfred_moisiu	bamir_topi
alfred_north_whitehead	bertrand_russell
alfred_rosenberg	adolf_hitler
alfred_the_great	edward_the_elder
alfredo_palacio	lucio_gutiérrez
alfredo_palacio	rafael_correa
ali_hassan_al-majid	saddam_hussein
ali_khamenei	ruhollah_khomeini
alicia_silverstone	aerosmith
allen_ginsberg	jack_kerouac
allen_ginsberg	william_s._burroughs
alva_myrdal	gunnar_myrdal
amenhotep_iii	akhenaten
amélie_mauresmo	justine_henin
ana_ivanović	daniela_hantuchová
ana_ivanović	dinara_safina
ana_ivanović	justine_henin
ana_ivanović	maria_sharapova
anatoly_karpov	bobby_fischer
anaxagoras	pericles
anders_fogh_rasmussen	lars_løkke_rasmussen
anders_fogh_rasmussen	poul_nyrup_rasmussen
andre_agassi	michael_stich
andre_agassi	pete_sampras
andre_agassi	rafael_nadal
andre_agassi	roger_federer
andre_agassi	steffi_graf
andrea_bocelli	sarah_brightman
andrea_del_verrocchio	leonardo_da_vinci
andreas_baader	gudrun_ensslin
andreas_baader	ulrike_meinhof
andrei_gromyko	eduard_shevardnadze
andrew_huxley	alan_lloyd_hodgkin
andrew_johnson	abraham_lincoln
andrew_johnson	ulysses_s._grant
andré_derain	henri_matisse
andy_murray	andy_roddick
andy_murray	novak_djokovic
andy_murray	rafael_nadal
andy_murray	roger_federer
andy_roddick	david_nalbandian
andy_roddick	guillermo_coria
andy_roddick	james_blake
andy_roddick	juan_carlos_ferrero
andy_roddick	mardy_fish
andy_roddick	nikolay_davydenko
andy_roddick	pete_sampras
andy_roddick	roger_federer
andy_warhol	marilyn_monroe
angela_merkel	gerhard_schröder
angela_merkel	helmut_kohl
angela_merkel	lothar_de_maizière
angelina_jolie	brad_pitt
angelina_jolie	jon_voight
anita_ekberg	federico_fellini
anne-sophie_mutter	andré_previn
anne-sophie_mutter	herbert_von_karajan
anne_boleyn	catherine_of_aragon
anne_hathaway_(actress)	jane_austen
anneli_jäätteenmäki	matti_vanhanen
anneli_jäätteenmäki	paavo_lipponen
annette_bening	warren_beatty
annie_leibovitz	demi_moore
annie_leibovitz	john_lennon
anthony_eden	harold_macmillan
anthony_eden	winston_churchill
anton_drexler	adolf_hitler
antoninus_pius	lucius_verus
antonio_josé_de_sucre	simón_bolívar
antónio_de_oliveira_salazar	marcelo_caetano
anwar_el_sadat	gamal_abdel_nasser
anwar_el_sadat	hosni_mubarak
aníbal_cavaco_silva	jorge_sampaio
arantxa_sánchez_vicario	steffi_graf
ariel_sharon	benjamin_netanyahu
ariel_sharon	ehud_barak
ariel_sharon	ehud_olmert
arnold_rüütel	lennart_meri
arnold_rüütel	toomas_hendrik_ilves
arthur_miller	marilyn_monroe
arthur_rimbaud	paul_verlaine
arturo_sandoval	dizzy_gillespie
ashton_kutcher	demi_moore
asif_ali_zardari	benazir_bhutto
aspasia	pericles
aubrey_beardsley	oscar_wilde
audrey_hepburn	mel_ferrer
augusto_pinochet	patricio_aylwin
augusto_pinochet	salvador_allende
ava_gardner	mickey_rooney
avram_hershko	aaron_ciechanover
avram_hershko	irwin_rose
avril_lavigne	deryck_whibley
axl_rose	izzy_stradlin
ayman_al-zawahiri	osama_bin_laden
ayn_rand	alan_greenspan
ayrton_senna	alain_prost
ayrton_senna	roland_ratzenberger
bacharuddin_jusuf_habibie	suharto
bamir_topi	alfred_moisiu
ban_ki-moon	kofi_annan
barack_obama	george_w._bush
barack_obama	hillary_rodham_clinton
barack_obama	joe_biden
barack_obama	john_mccain
barbara_bach	ringo_starr
baruch_spinoza	rené_descartes
bashar_al-assad	hafez_al-assad
baz_luhrmann	nicole_kidman
ben_affleck	jennifer_garner
ben_bernanke	alan_greenspan
benazir_bhutto	muhammad_zia-ul-haq
benazir_bhutto	zulfikar_ali_bhutto
benigno_aquino_iii	corazon_aquino
benito_mussolini	adolf_hitler
benito_mussolini	benito_juárez
benito_mussolini	clara_petacci
benito_mussolini	pietro_badoglio
benito_mussolini	victor_emmanuel_iii_of_italy
benjamin_disraeli	william_ewart_gladstone
benjamin_harrison	grover_cleveland
benjamin_netanyahu	ariel_sharon
benjamin_netanyahu	ehud_barak
benjamin_netanyahu	ehud_olmert
benjamin_netanyahu	shimon_peres
bernard_herrmann	alfred_hitchcock
bertie_ahern	brian_cowen
bertram_brockhouse	clifford_shull
bette_davis	joan_crawford
betty_ford	gerald_ford
beyoncé_knowles	jay-z
bill_clinton	al_gore
bill_clinton	george_h._w._bush
bill_clinton	george_w._bush
bill_clinton	hillary_rodham_clinton
bill_clinton	monica_lewinsky
bill_evans	miles_davis
billy_preston	george_harrison
björn_ulvaeus	agnetha_fältskog
blaise_compaoré	thomas_sankara
blake_edwards	julie_andrews
bo_diddley	howlin'_wolf
bo_diddley	muddy_waters
bob_dole	bill_clinton
bob_dylan	joan_baez
bob_dylan	martin_scorsese
bob_dylan	woody_guthrie
bobby_fischer	boris_spassky
bonar_law	david_lloyd_george
bonar_law	stanley_baldwin
boris_becker	ivan_lendl
boris_johnson	ken_livingstone
boris_spassky	bobby_fischer
boris_spassky	tigran_petrosian
boris_yeltsin	vladimir_putin
boutros_boutros-ghali	javier_pérez_de_cuéllar
boutros_boutros-ghali	kofi_annan
brad_pitt	angelina_jolie
brad_pitt	jennifer_aniston
brian_cowen	bertie_ahern
brian_eno	robert_fripp
britney_spears	justin_timberlake
bronisław_komorowski	lech_kaczyński
brooke_shields	andre_agassi
bruce_lee	chuck_norris
bruce_willis	demi_moore
buddy_holly	ritchie_valens
buffalo_bill	sitting_bull
burt_bacharach	marlene_dietrich
cadel_evans	alberto_contador
calvin_coolidge	charles_g._dawes
calvin_coolidge	herbert_hoover
camillo_golgi	santiago_ramón_y_cajal
candice_night	ritchie_blackmore
cannonball_adderley	miles_davis
captain_beefheart	frank_zappa
caracalla	septimius_severus
carl_friedrich_gauss	bernhard_riemann
carl_gustaf_emil_mannerheim	juho_kusti_paasikivi
carl_gustaf_emil_mannerheim	risto_ryti
carl_philipp_emanuel_bach	johann_sebastian_bach
carla_bruni	nicolas_sarkozy
carlo_azeglio_ciampi	giorgio_napolitano
carol_w._greider	elizabeth_blackburn
carole_lombard	clark_gable
caroline,_princess_of_hanover	rainier_iii,_prince_of_monaco
caroline_wozniacki	elena_dementieva
caroline_wozniacki	kim_clijsters
caroline_wozniacki	marion_bartoli
caroline_wozniacki	nadia_petrova
carrie_fisher	debbie_reynolds
carrie_henn	james_cameron
carrie_henn	james_horner
carrie_henn	sigourney_weaver
cate_blanchett	katharine_hepburn
catherine_deneuve	marcello_mastroianni
catherine_howard	anne_boleyn
catherine_howard	anne_of_cleves
catherine_of_aragon	anne_boleyn
catherine_parr	catherine_howard
catherine_zeta-jones	michael_douglas
catiline	cicero
chad_michael_murray	sophia_bush
chagatai_khan	genghis_khan
chaim_soutine	amedeo_modigliani
charlemagne	louis_the_pious
charlemagne	pepin_the_short
charles,_prince_of_wales	elizabeth_ii
charles_aznavour	édith_piaf
charles_curtis	herbert_hoover
charles_darwin	erasmus_darwin
charles_darwin	richard_owen
charles_de_gaulle	georges_pompidou
charles_de_gaulle	michel_debré
charles_de_gaulle	philippe_pétain
charles_de_gaulle	rené_coty
charles_g._dawes	calvin_coolidge
charles_i_of_austria	zita_of_bourbon-parma
charles_ii_of_england	oliver_cromwell
charles_ix_of_france	catherine_de'_medici
charles_j._pedersen	donald_j._cram
charles_j._pedersen	jean-marie_lehn
charles_manson	sharon_tate
charles_martel	pepin_the_short
charles_vii_of_france	joan_of_arc
charlie_chaplin	paulette_goddard
charlotte_gainsbourg	jane_birkin
che_guevara	alberto_korda
che_guevara	fidel_castro
chelsea_clinton	bill_clinton
chelsea_clinton	hillary_rodham_clinton
chen_ning_yang	tsung-dao_lee
chen_shui-bian	ma_ying-jeou
cheryl_cole	ashley_cole
chester_a._arthur	grover_cleveland
chiang_ching-kuo	chiang_kai-shek
chiang_kai-shek	mao_zedong
chiang_kai-shek	soong_may-ling
chiang_kai-shek	sun_yat-sen
chlothar_i	clovis_i
chris_evert	martina_navratilova
christian_ii_of_denmark	gustav_i_of_sweden
christian_vii_of_denmark	louise_of_great_britain
christian_wulff	horst_köhler
christina_aguilera	britney_spears
christina_aguilera	justin_timberlake
christine_lagarde	dominique_strauss-kahn
christopher_a._pissarides	dale_t._mortensen
christopher_mccandless	sean_penn
christopher_walken	norman_cook
chuck_berry	muddy_waters
chuck_norris	bruce_lee
cindy_crawford	richard_gere
clara_petacci	benito_mussolini
clara_schumann	robert_schumann
clark_gable	carole_lombard
clark_gable	marilyn_monroe
claude_jade	alfred_hitchcock
claude_jade	françois_truffaut
claudia_cardinale	federico_fellini
claus_schenk_graf_von_stauffenberg	adolf_hitler
clement_attlee	winston_churchill
colin_powell	condoleezza_rice
colin_powell	george_w._bush
colin_powell	madeleine_albright
condoleezza_rice	colin_powell
corazon_aquino	ferdinand_marcos
courtney_love	kurt_cobain
cristiano_ronaldo	alex_ferguson
cristiano_ronaldo	david_beckham
cristina_fernández_de_kirchner	néstor_kirchner
dag_hammarskjöld	trygve_lie
dag_hammarskjöld	u_thant
dalia_grybauskaitė	valdas_adamkus
damon_hill	jacques_villeneuve
dan_quayle	al_gore
daniel_arap_moi	jomo_kenyatta
daniel_arap_moi	mwai_kibaki
daniel_bernoulli	johann_bernoulli
daniel_day-lewis	isabelle_adjani
daniel_radcliffe	j._k._rowling
dannii_minogue	kylie_minogue
danny_elfman	tim_burton
dante_gabriel_rossetti	william_holman_hunt
david_ben-gurion	levi_eshkol
david_ben-gurion	moshe_sharett
david_bowie	iggy_pop
david_cameron	gordon_brown
david_coulthard	ayrton_senna
david_d._friedman	milton_friedman
david_ferrer	richard_gasquet
david_ferrer	tommy_robredo
david_fincher	aerosmith
david_gilmour	roger_waters
david_gilmour	syd_barrett
david_nalbandian	lleyton_hewitt
david_nalbandian	nikolay_davydenko
david_nalbandian	rafael_nadal
david_nalbandian	roger_federer
david_ricardo	adam_smith
david_villa	samuel_eto'o
demi_moore	ashton_kutcher
demi_moore	bruce_willis
demis_roussos	vangelis
deng_xiaoping	jiang_zemin
deng_xiaoping	mao_zedong
deng_xiaoping	zhou_enlai
dennis_quaid	meg_ryan
dennis_ritchie	ken_thompson
derek_sherinian	alice_cooper
derek_sherinian	yngwie_malmsteen
deryck_whibley	avril_lavigne
diana,_princess_of_wales	dodi_fayed
dick_cheney	al_gore
dick_cheney	george_w._bush
dick_cheney	joe_biden
diego_maradona	pelé
diego_rivera	frida_kahlo
dilma_rousseff	luiz_inácio_lula_da_silva
dinara_safina	ana_ivanović
dinara_safina	elena_dementieva
dinara_safina	marat_safin
dinara_safina	serena_williams
dizzy_gillespie	charlie_parker
django_reinhardt	stéphane_grappelli
dmitry_medvedev	vladimir_putin
dominique_de_villepin	françois_fillon
dominique_de_villepin	jean-pierre_raffarin
dominique_de_villepin	nicolas_sarkozy
dominique_strauss-kahn	ségolène_royal
domitian	vespasian
don_airey	gary_moore
don_airey	ozzy_osbourne
don_johnson	melanie_griffith
donald_j._cram	charles_j._pedersen
douglas_fairbanks	mary_pickford
dr._dre	50_cent
dr._dre	eminem
dr._dre	ice_cube
dr._dre	snoop_dogg
dr._dre	tupac_shakur
du_fu	li_bai
duong_van_minh	ngo_dinh_diem
dwight_d._eisenhower	harry_s._truman
edie_sedgwick	andy_warhol
edmund_husserl	martin_heidegger
edmund_husserl	maurice_merleau-ponty
eduard_shevardnadze	nino_burjanadze
eduard_shevardnadze	zviad_gamsakhurdia
eduardo_frei_ruiz-tagle	eduardo_frei_montalva
eduardo_frei_ruiz-tagle	patricio_aylwin
eduardo_frei_ruiz-tagle	ricardo_lagos
eduardo_rodríguez	carlos_mesa
edvard_beneš	tomáš_garrigue_masaryk
edward_c._prescott	finn_e._kydland
edward_heath	harold_wilson
edward_heath	margaret_thatcher
edward_iii_of_england	philippa_of_hainault
edward_the_elder	alfred_the_great
edwin_g._krebs	edmond_h._fischer
egon_schiele	gustav_klimt
ehud_barak	ariel_sharon
ehud_barak	benjamin_netanyahu
ehud_olmert	ariel_sharon
ehud_olmert	benjamin_netanyahu
ehud_olmert	tzipi_livni
ei-ichi_negishi	richard_f._heck
elagabalus	alexander_severus
elagabalus	caracalla
eleanor_roosevelt	franklin_d._roosevelt
elena_dementieva	venus_williams
elihu_root	william_mckinley
elizabeth_blackburn	carol_w._greider
elizabeth_hurley	hugh_grant
elizabeth_i_of_england	anne_boleyn
elizabeth_i_of_england	francis_drake
ellen_degeneres	portia_de_rossi
emanuel_lasker	josé_raúl_capablanca
emanuel_lasker	wilhelm_steinitz
emil_hácha	edvard_beneš
eminem	50_cent
eminem	dr._dre
emma_thompson	kenneth_branagh
engelbert_dollfuss	kurt_schuschnigg
enver_hoxha	ramiz_alia
epicurus	democritus
erhard_heiden	heinrich_himmler
eric_clapton	b.b._king
eric_clapton	george_harrison
eric_clapton	ginger_baker
eric_kandel	paul_greengard
eric_maskin	leonid_hurwicz
eric_singer	alice_cooper
eric_singer	gary_moore
erich_honecker	walter_ulbricht
erich_honecker	willi_stoph
erich_maria_remarque	paulette_goddard
ernst_lubitsch	mary_pickford
esmée_denters	justin_timberlake
ethan_hawke	uma_thurman
eva_braun	adolf_hitler
eva_green	bernardo_bertolucci
eva_perón	juan_perón
eyvind_johnson	harry_martinson
farouk_of_egypt	gamal_abdel_nasser
fatmir_sejdiu	ibrahim_rugova
federico_fellini	marcello_mastroianni
federico_fellini	roberto_rossellini
felipe_gonzález	josé_maría_aznar
ferdinand_marcos	corazon_aquino
ferenc_puskás	alfredo_di_stéfano
fernando_alonso	felipe_massa
fernando_alonso	jenson_button
fernando_alonso	kimi_räikkönen
fernando_alonso	lewis_hamilton
fernando_henrique_cardoso	itamar_franco
fernando_henrique_cardoso	luiz_inácio_lula_da_silva
festus_mogae	ian_khama
fidel_castro	che_guevara
fidel_castro	fulgencio_batista
fidel_castro	raúl_castro
finn_e._kydland	edward_c._prescott
flavia_pennetta	gisela_dulko
flo_rida	timbaland
florentino_pérez	zinedine_zidane
forest_whitaker	idi_amin
francis_i_of_france	leonardo_da_vinci
francis_ii_of_france	catherine_de'_medici
francisco_i._madero	porfirio_díaz
francisco_macías_nguema	teodoro_obiang_nguema_mbasogo
frank_sherwood_rowland	mario_j._molina
frank_zappa	captain_beefheart
frank_zappa	steve_vai
franklin_d._roosevelt	eleanor_roosevelt
franklin_d._roosevelt	harry_s._truman
franklin_d._roosevelt	herbert_hoover
franklin_d._roosevelt	theodore_roosevelt
franklin_pierce	james_buchanan
franklin_pierce	millard_fillmore
franz_marc	wassily_kandinsky
franz_schubert	antonio_salieri
franz_von_papen	kurt_von_schleicher
françois_duvalier	jean-claude_duvalier
françois_fillon	dominique_de_villepin
françois_fillon	nicolas_sarkozy
françois_hollande	ségolène_royal
françois_mitterrand	jacques_chirac
françois_mitterrand	valéry_giscard_d'estaing
françoise_barré-sinoussi	luc_montagnier
fred_astaire	ginger_rogers
freddie_king	eric_clapton
freddie_mercury	brian_may
fredrik_reinfeldt	göran_persson
frida_kahlo	diego_rivera
frida_kahlo	leon_trotsky
friedrich_ebert	paul_von_hindenburg
friedrich_ebert	philipp_scheidemann
friedrich_ebert	prince_maximilian_of_baden
friedrich_engels	karl_marx
friedrich_hayek	ludwig_von_mises
friedrich_nietzsche	arthur_schopenhauer
friedrich_nietzsche	richard_wagner
friedrich_schiller	johann_wolfgang_von_goethe
frédéric_passy	henry_dunant
fulgencio_batista	fidel_castro
fumimaro_konoe	hideki_tōjō
gabriel_fauré	camille_saint-saëns
galeazzo_ciano	benito_mussolini
galileo_galilei	nicolaus_copernicus
galina_vishnevskaya	mstislav_rostropovich
gamal_abdel_nasser	anwar_el_sadat
gamal_abdel_nasser	muhammad_naguib
game_(rapper)	50_cent
game_(rapper)	dr._dre
game_(rapper)	snoop_dogg
garrincha	pelé
garry_kasparov	anatoly_karpov
garry_kasparov	vladimir_kramnik
gavin_rossdale	gwen_stefani
geir_haarde	halldór_ásgrímsson
geir_haarde	jóhanna_sigurðardóttir
georg_wilhelm_friedrich_hegel	karl_marx
george_h._w._bush	bill_clinton
george_h._w._bush	dan_quayle
george_h._w._bush	ronald_reagan
george_h._w._bush	walter_mondale
george_harrison	bob_dylan
george_harrison	jeff_lynne
george_harrison	john_lennon
george_harrison	paul_mccartney
george_harrison	roy_orbison
george_hincapie	lance_armstrong
george_iii_of_the_united_kingdom	princess_augusta_of_saxe-gotha
george_lucas	steven_spielberg
george_marshall	harry_s._truman
george_v_of_the_united_kingdom	mary_of_teck
george_vi_of_the_united_kingdom	elizabeth_bowes-lyon
george_vi_of_the_united_kingdom	mary_of_teck
george_vi_of_the_united_kingdom	winston_churchill
george_w._bush	barack_obama
george_w._bush	bill_clinton
george_w._bush	dick_cheney
george_w._bush	john_kerry
george_w._bush	laura_bush
georges_bataille	friedrich_nietzsche
georges_braque	pablo_picasso
georges_pompidou	charles_de_gaulle
georges_pompidou	michel_debré
georges_pompidou	valéry_giscard_d'estaing
georgy_lvov	alexander_kerensky
georgy_malenkov	joseph_stalin
georgy_malenkov	nikita_khrushchev
georgy_malenkov	nikolai_bulganin
gerald_ford	jimmy_carter
gerald_ford	nelson_rockefeller
gerald_ford	richard_nixon
gerald_ford	spiro_agnew
gerd_binnig	heinrich_rohrer
gerhard_schröder	angela_merkel
gerhard_schröder	helmut_kohl
gertrude_stein	ernest_hemingway
gertrude_stein	pablo_picasso
gilles_deleuze	friedrich_nietzsche
ginger_rogers	fred_astaire
giorgio_napolitano	carlo_azeglio_ciampi
giotto_di_bondone	cimabue
giuseppe_garibaldi	giuseppe_mazzini
golda_meir	levi_eshkol
golda_meir	yitzhak_rabin
goodluck_jonathan	umaru_musa_yar'adua
gordon_brown	david_cameron
gordon_brown	tony_blair
gottfried_leibniz	rené_descartes
grand_duchess_anastasia_nikolaevna_of_russia	nicholas_ii_of_russia
grover_cleveland	benjamin_harrison
grover_cleveland	chester_a._arthur
grover_cleveland	william_mckinley
guadalupe_victoria	vicente_guerrero
guangxu_emperor	empress_dowager_cixi
guillaume_apollinaire	pablo_picasso
gunnar_myrdal	friedrich_hayek
gurbanguly_berdimuhamedow	saparmurat_niyazov
gustaf_v_of_sweden	oscar_ii_of_sweden
gustav_ludwig_hertz	james_franck
gustav_mahler	anton_bruckner
gustav_stresemann	aristide_briand
gustave_doré	dante_alighieri
guy_de_maupassant	gustave_flaubert
guy_verhofstadt	yves_leterme
gwyneth_paltrow	brad_pitt
györgy_ligeti	stanley_kubrick
göran_persson	fredrik_reinfeldt
h._h._asquith	david_lloyd_george
habib_bourguiba	zine_el_abidine_ben_ali
hafez_al-assad	bashar_al-assad
halldór_ásgrímsson	davíð_oddsson
halldór_ásgrímsson	geir_haarde
hamid_karzai	burhanuddin_rabbani
hannah_arendt	martin_heidegger
hannibal_hamlin	abraham_lincoln
hanns_eisler	arnold_schoenberg
hans_geiger	ernest_rutherford
harold_godwinson	edward_the_confessor
harold_macmillan	alec_douglas-home
harold_macmillan	anthony_eden
harold_wilson	edward_heath
harold_wilson	james_callaghan
harry_martinson	eyvind_johnson
harry_s._truman	alben_w._barkley
harry_s._truman	dwight_d._eisenhower
harry_s._truman	henry_a._wallace
harthacnut	cnut_the_great
harthacnut	edward_the_confessor
heath_ledger	naomi_watts
heinrich_hertz	hermann_von_helmholtz
heinrich_himmler	adolf_hitler
heinrich_mann	thomas_mann
heinz-harald_frentzen	michael_schumacher
heinz_fischer	thomas_klestil
helen_clark	john_key
helena_bonham_carter	tim_burton
helmut_kohl	françois_mitterrand
helmut_kohl	gerhard_schröder
helmut_kohl	helmut_schmidt
helmut_schmidt	helmut_kohl
helmut_schmidt	willy_brandt
hendrik_lorentz	pieter_zeeman
henri_cartier-bresson	robert_capa
henry_a._wallace	harry_s._truman
henry_hallett_dale	otto_loewi
henry_ii_of_england	thomas_becket
henry_ii_of_france	catherine_de'_medici
henry_iii_of_france	catherine_de'_medici
henry_iv_of_france	louis_xiii_of_france
henry_james	william_james
henry_kissinger	gerald_ford
henry_kissinger	richard_nixon
henry_viii_of_england	anne_boleyn
henry_viii_of_england	anne_of_cleves
henry_viii_of_england	catherine_howard
henry_viii_of_england	catherine_of_aragon
henry_viii_of_england	catherine_parr
henry_viii_of_england	elizabeth_of_york
henry_viii_of_england	thomas_more
henryk_szeryng	nadia_boulanger
herbert_a._hauptman	jerome_karle
herbert_c._brown	georg_wittig
herbert_hoover	calvin_coolidge
herbert_hoover	franklin_d._roosevelt
herbert_marcuse	martin_heidegger
herman_van_rompuy	yves_leterme
hermann_fegelein	heinrich_himmler
hermann_göring	adolf_hitler
hifikepunye_pohamba	sam_nujoma
hillary_rodham_clinton	barack_obama
hillary_rodham_clinton	bill_clinton
hillary_rodham_clinton	condoleezza_rice
horst_köhler	johannes_rau
howard_carter	tutankhamun
hu_jintao	deng_xiaoping
hu_jintao	jiang_zemin
hua_guofeng	deng_xiaoping
hua_guofeng	mao_zedong
hua_guofeng	zhou_enlai
hubert_humphrey	lyndon_b._johnson
hubert_humphrey	spiro_agnew
hugh_laurie	stephen_fry
hugo_chávez	rafael_caldera
humphrey_bogart	lauren_bacall
ian_curtis	iggy_pop
iannis_xenakis	le_corbusier
ice_cube	dr._dre
idi_amin	milton_obote
idriss_déby	hissène_habré
iggy_pop	david_bowie
ike_turner	tina_turner
ilham_aliyev	heydar_aliyev
imre_nagy	jános_kádár
indira_gandhi	rajiv_gandhi
ingmar_bergman	liv_ullmann
ingrid_bergman	roberto_rossellini
ion_iliescu	traian_băsescu
irwin_rose	aaron_ciechanover
irwin_rose	avram_hershko
isaac_barrow	isaac_newton
isaac_newton	gottfried_leibniz
isaac_newton	robert_hooke
isabel_allende	salvador_allende
isabel_martínez_de_perón	jorge_rafael_videla
isabel_martínez_de_perón	juan_perón
isabella_rossellini	ingrid_bergman
ivar_giaever	leo_esaki
ivo_josipović	stjepan_mesić
j._hans_d._jensen	maria_goeppert-mayer
j._r._r._tolkien	c._s._lewis
jack_ruby	lee_harvey_oswald
jaco_pastorius	joni_mitchell
jacqueline_kennedy_onassis	aristotle_onassis
jacques_chirac	françois_mitterrand
jacques_chirac	jean-marie_le_pen
jacques_chirac	laurent_fabius
jacques_chirac	lionel_jospin
jacques_chirac	michel_rocard
jacques_chirac	nicolas_sarkozy
jacques_chirac	pierre_messmer
jacques_chirac	raymond_barre
jacques_chirac	édouard_balladur
jacques_rogge	juan_antonio_samaranch
jacques_santer	jean-claude_juncker
jacques_villeneuve	gilles_villeneuve
jada_pinkett_smith	will_smith
jadranka_kosor	ivo_sanader
james_buchanan	abraham_lincoln
james_buchanan	franklin_pierce
james_callaghan	harold_wilson
james_callaghan	margaret_thatcher
james_k._polk	john_tyler
james_k._polk	zachary_taylor
james_madison	james_monroe
james_monroe	james_madison
james_monroe	john_quincy_adams
james_stewart	frank_capra
jamie_foxx	kanye_west
jamie_lee_curtis	janet_leigh
jamie_lee_curtis	tony_curtis
jamie_lynn_spears	britney_spears
jan_dismas_zelenka	johann_sebastian_bach
jan_peter_balkenende	mark_rutte
jane_birkin	serge_gainsbourg
jane_fonda	henry_fonda
jane_russell	marilyn_monroe
jane_wyman	ronald_reagan
janet_leigh	tony_curtis
janick_gers	bruce_dickinson
jarosław_kaczyński	kazimierz_marcinkiewicz
javier_bardem	penélope_cruz
javier_pérez_de_cuéllar	kurt_waldheim
jawaharlal_nehru	mohandas_karamchand_gandhi
jay-z	beyoncé_knowles
jay-z	kanye_west
jay-z	r._kelly
jean-bertrand_aristide	rené_préval
jean-claude_duvalier	françois_duvalier
jean-claude_juncker	jacques_santer
jean-claude_trichet	wim_duisenberg
jean-martin_charcot	sigmund_freud
jean-paul_marat	charlotte_corday
jean-paul_marat	jacques-louis_david
jean-paul_sartre	simone_de_beauvoir
jean-pierre_raffarin	dominique_de_villepin
jean_chrétien	kim_campbell
jean_chrétien	paul_martin
jean_harlow	clark_gable
jean_renoir	pierre-auguste_renoir
jeb_bush	george_w._bush
jeff_beck	eric_clapton
jeff_lynne	george_harrison
jennifer_aniston	brad_pitt
jennifer_connelly	paul_bettany
jennifer_garner	ben_affleck
jennifer_tisdale	ashley_tisdale
jens_christian_skou	paul_d._boyer
jerome_karle	herbert_a._hauptman
jerry_brown	arnold_schwarzenegger
jerry_brown	ronald_reagan
jesse_eisenberg	mark_zuckerberg
jiang_qing	mao_zedong
jiang_zemin	deng_xiaoping
jiang_zemin	hu_jintao
jiang_zemin	yang_shangkun
jimi_hendrix	b.b._king
jimi_hendrix	eric_clapton
jimi_hendrix	little_richard
jimi_hendrix	mitch_mitchell
jimi_hendrix	noel_redding
jimmy_carter	gerald_ford
jimmy_carter	ronald_reagan
jiří_paroubek	mirek_topolánek
jo-wilfried_tsonga	novak_djokovic
jo-wilfried_tsonga	richard_gasquet
joachim_von_ribbentrop	konstantin_von_neurath
joan_baez	bob_dylan
joanne_woodward	paul_newman
joaquim_chissano	armando_guebuza
joaquim_chissano	samora_machel
joaquin_phoenix	johnny_cash
joe_biden	barack_obama
joe_biden	dick_cheney
joe_dimaggio	marilyn_monroe
joe_hisaishi	hayao_miyazaki
joe_lieberman	al_gore
joe_perry_(musician)	aerosmith
joe_satriani	jimi_hendrix
joe_satriani	kirk_hammett
joe_satriani	steve_vai
joe_zawinul	miles_davis
johann_bernoulli	leonhard_euler
johannes_brahms	franz_liszt
johannes_brahms	robert_schumann
johannes_kepler	tycho_brahe
johannes_rau	horst_köhler
johannes_rau	roman_herzog
john_adams_(politician)	john_quincy_adams
john_barrymore	drew_barrymore
john_bonham	jimmy_page
john_c._mather	george_smoot
john_cale	lou_reed
john_coltrane	miles_davis
john_coltrane	thelonious_monk
john_edwards	john_kerry
john_everett_millais	william_holman_hunt
john_fante	charles_bukowski
john_frusciante	josh_klinghoffer
john_key	helen_clark
john_legend	kanye_west
john_lennon	george_harrison
john_lennon	paul_mccartney
john_lennon	yoko_ono
john_major	margaret_thatcher
john_major	tony_blair
john_mayall	eric_clapton
john_mayall	mick_taylor
john_mccain	barack_obama
john_mccain	george_w._bush
john_mccain	sarah_palin
john_quincy_adams	james_monroe
john_travolta	kelly_preston
john_wilkes_booth	abraham_lincoln
jomo_kenyatta	daniel_arap_moi
jon_voight	angelina_jolie
jorge_rafael_videla	isabel_martínez_de_perón
josep_borrell	hans-gert_pöttering
joseph_goebbels	adolf_hitler
joseph_kabila	laurent-désiré_kabila
joseph_stalin	georgy_malenkov
joseph_stalin	leon_trotsky
joseph_stalin	nikita_khrushchev
joseph_stalin	vladimir_lenin
joseph_stalin	vyacheslav_molotov
josé_carreras	luciano_pavarotti
josé_luis_rodríguez_zapatero	josé_maría_aznar
josé_manuel_barroso	antónio_guterres
josé_manuel_barroso	romano_prodi
josé_maría_aznar	josé_luis_rodríguez_zapatero
josé_mourinho	bobby_robson
josé_mujica	tabaré_vázquez
josé_ramos-horta	xanana_gusmão
josé_raúl_capablanca	alexander_alekhine
josé_raúl_capablanca	emanuel_lasker
josé_sarney	fernando_collor_de_mello
juan_antonio_samaranch	jacques_rogge
juan_carlos_ferrero	andy_roddick
juan_manuel_santos	álvaro_uribe
juan_martín_del_potro	andy_roddick
juan_martín_del_potro	jürgen_melzer
juan_martín_del_potro	richard_gasquet
juan_martín_del_potro	roger_federer
juan_perón	isabel_martínez_de_perón
judy_garland	liza_minnelli
judy_garland	vincente_minnelli
juho_kusti_paasikivi	urho_kekkonen
julia_gillard	kevin_rudd
julie_andrews	blake_edwards
julius_nepos	romulus_augustulus
junichiro_koizumi	yoshirō_mori
justin_timberlake	britney_spears
justin_timberlake	timbaland
justine_henin	amélie_mauresmo
justine_henin	ana_ivanović
justine_henin	kim_clijsters
justine_henin	serena_williams
justine_henin	venus_williams
jános_kádár	imre_nagy
jóhanna_sigurðardóttir	geir_haarde
kai_siegbahn	manne_siegbahn
kai_siegbahn	nicolaas_bloembergen
kanye_west	jay-z
kanye_west	john_legend
karl_adolph_gjellerup	henrik_pontoppidan
karl_carstens	walter_scheel
karl_dönitz	adolf_hitler
karl_ferdinand_braun	guglielmo_marconi
karl_liebknecht	rosa_luxemburg
karl_marx	friedrich_engels
karl_von_frisch	nikolaas_tinbergen
karl_ziegler	giulio_natta
kate_hudson	goldie_hawn
kate_moss	johnny_depp
kate_winslet	peter_jackson
kate_winslet	sam_mendes
katharine_hepburn	spencer_tracy
kathryn_bigelow	james_cameron
katie_holmes	tom_cruise
kazimierz_marcinkiewicz	jarosław_kaczyński
keith_urban	nicole_kidman
ken_livingstone	boris_johnson
ken_thompson	dennis_ritchie
kenneth_branagh	emma_thompson
keri_hilson	timbaland
kesha	flo_rida
kevin_kline	phoebe_cates
kevin_rudd	julia_gillard
khieu_samphan	pol_pot
kim_basinger	alec_baldwin
kim_campbell	brian_mulroney
kim_clijsters	caroline_wozniacki
kim_clijsters	justine_henin
kim_clijsters	serena_williams
kim_dae-jung	kim_young-sam
kim_dae-jung	roh_moo-hyun
kim_il-sung	kim_jong-il
kim_jong-il	kim_il-sung
kim_jong-il	kim_jong-un
kim_jong-un	kim_jong-il
kimi_räikkönen	felipe_massa
kimi_räikkönen	fernando_alonso
kimi_räikkönen	lewis_hamilton
kimi_räikkönen	michael_schumacher
kimi_räikkönen	mika_häkkinen
kirk_hammett	joe_satriani
klaus_badelt	hans_zimmer
klaus_kinski	werner_herzog
kliment_voroshilov	joseph_stalin
kofi_annan	ban_ki-moon
kofi_annan	boutros_boutros-ghali
kolo_touré	yaya_touré
konrad_adenauer	ludwig_erhard
konrad_lorenz	nikolaas_tinbergen
konstantin_chernenko	yuri_andropov
kris_kristofferson	janis_joplin
kris_kristofferson	johnny_cash
kristen_stewart	jodie_foster
kublai_khan	genghis_khan
kublai_khan	marco_polo
kurmanbek_bakiyev	askar_akayev
kurt_cobain	courtney_love
kurt_georg_kiesinger	ludwig_erhard
kurt_georg_kiesinger	willy_brandt
kurt_schuschnigg	engelbert_dollfuss
kurt_von_schleicher	franz_von_papen
kurt_waldheim	javier_pérez_de_cuéllar
kurt_waldheim	u_thant
kurt_weill	bertolt_brecht
lady_gaga	beyoncé_knowles
lady_gaga	britney_spears
lady_gaga	david_bowie
lars_løkke_rasmussen	anders_fogh_rasmussen
laura_bush	george_w._bush
lauren_bacall	humphrey_bogart
laurence_olivier	vivien_leigh
laurent-désiré_kabila	joseph_kabila
laurent-désiré_kabila	mobutu_sese_seko
laurent_fabius	jacques_chirac
laurent_fabius	pierre_mauroy
lebron_james	michael_jordan
lech_kaczyński	aleksander_kwaśniewski
lech_wałęsa	wojciech_jaruzelski
lee_hsien_loong	lee_kuan_yew
lee_kuan_yew	lee_hsien_loong
lee_myung-bak	roh_moo-hyun
leni_riefenstahl	adolf_hitler
lennart_meri	arnold_rüütel
leo_von_caprivi	otto_von_bismarck
leon_trotsky	frida_kahlo
leon_trotsky	joseph_stalin
leonardo_da_vinci	andrea_del_verrocchio
leonardo_da_vinci	cesare_borgia
leonardo_da_vinci	giorgio_vasari
leonardo_dicaprio	howard_hughes
leonid_brezhnev	nikita_khrushchev
leonid_brezhnev	yuri_andropov
leonid_hurwicz	roger_myerson
leonid_kravchuk	leonid_kuchma
leonid_kuchma	viktor_yushchenko
lester_young	billie_holiday
lev_kamenev	vladimir_lenin
lev_landau	niels_bohr
levi_eshkol	david_ben-gurion
lewis_hamilton	fernando_alonso
li_xiannian	yang_shangkun
liam_neeson	natasha_richardson
linda_b._buck	richard_axel
lionel_messi	cristiano_ronaldo
lippo_memmi	simone_martini
lisa_del_giocondo	leonardo_da_vinci
lise_meitner	otto_hahn
liu_shaoqi	mao_zedong
liv_tyler	aerosmith
liv_ullmann	ingmar_bergman
liza_minnelli	judy_garland
lloyd_banks	50_cent
lord_byron	ada_lovelace
lorenzo_ii_de'_medici,_duke_of_urbino	niccolò_machiavelli
lou_reed	john_cale
louis_althusser	karl_marx
louis_malle	candice_bergen
louis_the_pious	charlemagne
lucian_freud	sigmund_freud
luciano_pavarotti	joan_sutherland
luciano_pavarotti	josé_carreras
lucius_verus	antoninus_pius
lucrezia_borgia	cesare_borgia
ludwig_erhard	konrad_adenauer
ludwig_erhard	kurt_georg_kiesinger
ludwig_wittgenstein	bertrand_russell
luis_buñuel	salvador_dalí
luiz_inácio_lula_da_silva	dilma_rousseff
luiz_inácio_lula_da_silva	fernando_henrique_cardoso
lyndon_b._johnson	hubert_humphrey
lyndon_b._johnson	richard_nixon
madame_de_pompadour	françois_boucher
madonna_(entertainer)	sean_penn
magda_goebbels	joseph_goebbels
maggie_gyllenhaal	jake_gyllenhaal
maggie_gyllenhaal	peter_sarsgaard
mahmoud_abbas	yasser_arafat
mahmoud_ahmadinejad	mohammad_khatami
manfred_eigen	george_porter
mao_zedong	chiang_kai-shek
mao_zedong	deng_xiaoping
mao_zedong	jiang_qing
mao_zedong	joseph_stalin
mao_zedong	liu_shaoqi
mao_zedong	zhou_enlai
mao_zedong	zhu_de
marat_safin	lleyton_hewitt
marat_safin	pete_sampras
marcel_cerdan	édith_piaf
marcello_mastroianni	catherine_deneuve
marcelo_caetano	antónio_de_oliveira_salazar
marco_polo	kublai_khan
marcos_baghdatis	roger_federer
marcus_licinius_crassus	pompey
margaret_thatcher	edward_heath
margaret_thatcher	james_callaghan
margaret_thatcher	john_major
margaret_thatcher	ronald_reagan
margrethe_ii_of_denmark	frederick_ix_of_denmark
maria_sharapova	ana_ivanović
maria_sharapova	jelena_janković
maria_sharapova	justine_henin
maria_sharapova	kim_clijsters
maria_sharapova	patty_schnyder
maria_sharapova	samantha_stosur
maria_sharapova	serena_williams
maria_theresa	marie_antoinette
marianne_faithfull	mick_jagger
marie_curie	henri_becquerel
marilyn_monroe	arthur_miller
marilyn_monroe	joe_dimaggio
mario_capecchi	martin_evans
mario_capecchi	oliver_smithies
mario_lanza	enrico_caruso
mario_vargas_llosa	alberto_fujimori
marion_bartoli	venus_williams
marion_cotillard	édith_piaf
mariska_hargitay	jayne_mansfield
mark_david_chapman	john_lennon
mark_knopfler	bob_dylan
mark_knopfler	chet_atkins
mark_knopfler	emmylou_harris
mark_spitz	michael_phelps
martin_bormann	adolf_hitler
martin_chalfie	osamu_shimomura
martin_evans	mario_capecchi
martin_heidegger	edmund_husserl
martin_heidegger	hannah_arendt
martin_ryle	antony_hewish
martin_scorsese	francis_ford_coppola
martin_scorsese	harvey_keitel
martin_scorsese	robert_de_niro
martin_sheen	charlie_sheen
martina_navratilova	chris_evert
martina_navratilova	steffi_graf
mary,_queen_of_scots	catherine_de'_medici
mary_cassatt	edgar_degas
mary_mcaleese	mary_robinson
mary_pickford	douglas_fairbanks
mary_shelley	mary_wollstonecraft
mary_steenburgen	malcolm_mcdowell
mary_todd_lincoln	abraham_lincoln
mary_tudor,_queen_of_france	anne_boleyn
mary_tudor,_queen_of_france	lady_jane_grey
mary_wollstonecraft	william_godwin
masolino_da_panicale	masaccio
matt_damon	ben_affleck
matt_stone	trey_parker
matthew_broderick	sarah_jessica_parker
matti_vanhanen	anneli_jäätteenmäki
mauno_koivisto	urho_kekkonen
maurice_merleau-ponty	edmund_husserl
maurice_merleau-ponty	jean-paul_sartre
maurice_wilkins	francis_crick
max_planck	albert_einstein
max_roach	charlie_parker
max_von_laue	max_planck
maximilian_i_of_mexico	benito_juárez
maximilian_i_of_mexico	napoleon_iii
maximinus_thrax	alexander_severus
meg_ryan	dennis_quaid
megan_fox	brian_austin_green
megawati_sukarnoputri	susilo_bambang_yudhoyono
mel_brooks	anne_bancroft
mel_ferrer	audrey_hepburn
melanie_griffith	don_johnson
menachem_begin	yitzhak_rabin
menachem_begin	yitzhak_shamir
mia_farrow	andré_previn
mia_farrow	frank_sinatra
mia_farrow	woody_allen
michael_bloomberg	rudy_giuliani
michael_c._hall	jennifer_carpenter
michael_douglas	catherine_zeta-jones
michael_douglas	kirk_douglas
michael_haydn	joseph_haydn
michael_jackson	elizabeth_taylor
michael_jackson	elvis_presley
michael_jackson	quincy_jones
michael_schumacher	damon_hill
michael_schumacher	fernando_alonso
michael_schumacher	kimi_räikkönen
michel_debré	charles_de_gaulle
michel_debré	georges_pompidou
michelle_bachelet	ricardo_lagos
michelle_bachelet	sebastián_piñera
michelle_obama	barack_obama
michelle_williams_(actress)	heath_ledger
mick_ronson	david_bowie
mick_thomson	joey_jordison
mikhail_botvinnik	mikhail_tal
mikhail_botvinnik	tigran_petrosian
mikhail_botvinnik	vasily_smyslov
mikhail_fradkov	vladimir_putin
mikhail_tal	mikhail_botvinnik
mikheil_saakashvili	nino_burjanadze
mikuláš_dzurinda	robert_fico
miles_davis	charlie_parker
miles_davis	dizzy_gillespie
miles_davis	john_coltrane
milla_jovovich	luc_besson
millard_fillmore	franklin_pierce
millard_fillmore	zachary_taylor
milton_obote	idi_amin
miranda_kerr	orlando_bloom
mitch_mitchell	jimi_hendrix
mobutu_sese_seko	laurent-désiré_kabila
mohamed_elbaradei	hans_blix
mohamed_ghannouchi	zine_el_abidine_ben_ali
mohammad-ali_rajai	abulhassan_banisadr
mohammad_khatami	akbar_hashemi_rafsanjani
mohammad_khatami	mahmoud_ahmadinejad
mohammad_reza_pahlavi	rezā_shāh
monica_bellucci	vincent_cassel
monica_lewinsky	bill_clinton
moshe_katsav	shimon_peres
moshe_sharett	david_ben-gurion
moussa_dadis_camara	lansana_conté
mstislav_rostropovich	dmitri_shostakovich
muhammad_naguib	gamal_abdel_nasser
muhammad_zia-ul-haq	zulfikar_ali_bhutto
murray_rothbard	ludwig_von_mises
mustafa_ii	ahmed_iii
mustafa_kemal_atatürk	ismet_inönü
mwai_kibaki	daniel_arap_moi
mykola_azarov	viktor_yanukovych
nadia_boulanger	aaron_copland
nadia_boulanger	ástor_piazzolla
nancy_reagan	ronald_reagan
naomi_watts	nicole_kidman
naoto_kan	yukio_hatoyama
napoléon,_prince_imperial	napoleon_iii
nastassja_kinski	wim_wenders
natasha_richardson	liam_neeson
natasha_richardson	vanessa_redgrave
ne-yo	rihanna
neil_gaiman	terry_pratchett
nelly_furtado	timbaland
nelson_mandela	frederik_willem_de_klerk
nelson_mandela	thabo_mbeki
nelson_rockefeller	gerald_ford
neville_chamberlain	stanley_baldwin
neville_chamberlain	winston_churchill
nicanor_duarte	fernando_lugo
nicholas_murray_butler	jane_addams
nicki_minaj	lil_wayne
nicky_hilton	paris_hilton
nicolas_cage	francis_ford_coppola
nicolas_sarkozy	carla_bruni
nicolas_sarkozy	françois_fillon
nicolas_sarkozy	jacques_chirac
nicolas_sarkozy	ségolène_royal
nicole_kidman	keith_urban
nicole_kidman	tom_cruise
nicole_richie	paris_hilton
nicole_vaidišová	jelena_janković
nicole_vaidišová	venus_williams
niels_bohr	werner_heisenberg
nigel_mansell	alain_prost
nigel_mansell	ayrton_senna
nikita_khrushchev	alexei_kosygin
nikita_khrushchev	joseph_stalin
nikita_khrushchev	leonid_brezhnev
niklas_luhmann	talcott_parsons
nikolai_bukharin	vladimir_lenin
nikolai_bulganin	nikita_khrushchev
nikolay_davydenko	juan_martín_del_potro
nino_burjanadze	eduard_shevardnadze
nino_burjanadze	mikheil_saakashvili
nino_rota	federico_fellini
norodom_sihamoni	norodom_sihanouk
norodom_sihanouk	lon_nol
norodom_sihanouk	norodom_sihamoni
nouri_al-maliki	jalal_talabani
nouri_al-maliki	saddam_hussein
novak_djokovic	andy_murray
novak_djokovic	david_ferrer
novak_djokovic	guillermo_cañas
novak_djokovic	jo-wilfried_tsonga
novak_djokovic	jürgen_melzer
novak_djokovic	mardy_fish
novak_djokovic	nikolay_davydenko
novak_djokovic	rafael_nadal
novak_djokovic	roger_federer
néstor_kirchner	cristina_fernández_de_kirchner
obie_trice	eminem
oliver_e._williamson	elinor_ostrom
oliver_smithies	mario_capecchi
oliver_smithies	martin_evans
olivier_messiaen	karlheinz_stockhausen
olivier_messiaen	pierre_boulez
olivier_rochus	xavier_malisse
ollanta_humala	alan_garcía
olof_palme	tage_erlander
olusegun_obasanjo	umaru_musa_yar'adua
oriana_fallaci	henry_kissinger
orlando_bloom	miranda_kerr
orson_welles	rita_hayworth
osama_bin_laden	barack_obama
oskar_schindler	steven_spielberg
otto_grotewohl	wilhelm_pieck
otto_hahn	lise_meitner
otto_von_bismarck	leo_von_caprivi
paris_hilton	nicole_richie
pat_nixon	richard_nixon
patricio_aylwin	augusto_pinochet
paul_allen	bill_gates
paul_berg	frederick_sanger
paul_bettany	jennifer_connelly
paul_d._boyer	jens_christian_skou
paul_feyerabend	karl_popper
paul_klee	wassily_kandinsky
paul_martin	jean_chrétien
paul_mccartney	john_lennon
paul_mccartney	michael_jackson
paul_newman	joanne_woodward
paul_verlaine	arthur_rimbaud
paul_von_hindenburg	adolf_hitler
paul_von_hindenburg	erich_ludendorff
paul_von_hindenburg	friedrich_ebert
pedro_álvares_cabral	bartolomeu_dias
pedro_álvares_cabral	vasco_da_gama
penélope_cruz	javier_bardem
penélope_cruz	pedro_almodóvar
pepin_the_short	charlemagne
pepin_the_short	charles_martel
pericles	anaxagoras
pete_best	ringo_starr
pete_sampras	andre_agassi
pete_seeger	woody_guthrie
pete_wentz	ashlee_simpson
peter_agre	roderick_mackinnon
peter_facinelli	jennie_garth
peter_grünberg	albert_fert
peter_mandelson	tony_blair
pharrell_williams	jay-z
phil_collins	peter_gabriel
phil_spector	george_harrison
phil_spector	john_lennon
philip_ii_of_macedon	alexander_the_great
philip_seymour_hoffman	truman_capote
philippa_of_hainault	edward_iii_of_england
philippe_pétain	charles_de_gaulle
philippe_pétain	pierre_laval
pierre_boulez	olivier_messiaen
pierre_bérégovoy	édith_cresson
pierre_mauroy	françois_mitterrand
pierre_mauroy	laurent_fabius
pierre_messmer	jacques_chaban-delmas
pierre_messmer	jacques_chirac
pieter_zeeman	hendrik_lorentz
pietro_badoglio	benito_mussolini
pitbull_(rapper)	lil_jon
pope_john_paul_ii	pope_benedict_xvi
pope_pius_xii	pope_john_xxiii
portia_de_rossi	ellen_degeneres
president_of_iran	ali_khamenei
prince_philip,_duke_of_edinburgh	princess_alice_of_battenberg
priscilla_presley	elvis_presley
quentin_tarantino	uma_thurman
r._kelly	celine_dion
r._kelly	jay-z
r._kelly	michael_jackson
rafael_correa	alfredo_palacio
rafael_nadal	andre_agassi
rafael_nadal	david_ferrer
rafael_nadal	fernando_gonzález
rafael_nadal	guillermo_coria
rafael_nadal	novak_djokovic
rafael_nadal	robin_söderling
rafael_nadal	roger_federer
rahm_emanuel	barack_obama
raila_odinga	mwai_kibaki
rainer_maria_rilke	auguste_rodin
rainier_iii,_prince_of_monaco	grace_kelly
rajiv_gandhi	indira_gandhi
ralf_schumacher	michael_schumacher
ramiz_alia	enver_hoxha
ramsay_macdonald	stanley_baldwin
randy_rhoads	ozzy_osbourne
raymond_barre	jacques_chirac
raymond_barre	pierre_mauroy
raymond_barre	valéry_giscard_d'estaing
raúl_castro	fidel_castro
reinhard_heydrich	heinrich_himmler
rené_coty	charles_de_gaulle
rené_préval	jean-bertrand_aristide
rexhep_meidani	alfred_moisiu
rezā_shāh	mohammad_reza_pahlavi
ricardo_lagos	eduardo_frei_ruiz-tagle
ricardo_lagos	michelle_bachelet
richard_ashcroft	the_verve
richard_burton	elizabeth_taylor
richard_cromwell	oliver_cromwell
richard_feynman	sin-itiro_tomonaga
richard_gere	cindy_crawford
richard_nixon	dwight_d._eisenhower
richard_nixon	gerald_ford
richard_nixon	lyndon_b._johnson
richard_r._schrock	robert_h._grubbs
richard_r._schrock	yves_chauvin
richard_smalley	harry_kroto
richard_stallman	linus_torvalds
richard_wright_(musician)	david_gilmour
richard_wright_(musician)	roger_waters
rick_rubin	jay-z
rick_rubin	johnny_cash
rick_rubin	ll_cool_j
rick_rubin	neil_diamond
rihanna	jay-z
rita_hayworth	orson_welles
ritchie_blackmore	ronnie_james_dio
ritchie_valens	buddy_holly
robert_f._engle	clive_granger
robert_f._kennedy	lyndon_b._johnson
robert_gates	donald_rumsfeld
robert_h._grubbs	richard_r._schrock
robert_h._grubbs	yves_chauvin
robert_mugabe	canaan_banana
robert_mugabe	morgan_tsvangirai
robert_pattinson	kristen_stewart
robert_pattinson	salvador_dalí
robert_plant	alison_krauss
robert_trujillo	ozzy_osbourne
robert_woodrow_wilson	arno_allan_penzias
roberto_rossellini	ingrid_bergman
robin_söderling	rafael_nadal
robin_söderling	roger_federer
robin_wright_penn	sean_penn
rochus_misch	adolf_hitler
roger_corman	francis_ford_coppola
roger_federer	andre_agassi
roger_federer	andy_murray
roger_federer	andy_roddick
roger_federer	david_ferrer
roger_federer	david_nalbandian
roger_federer	fernando_gonzález
roger_federer	james_blake
roger_federer	juan_martín_del_potro
roger_federer	lleyton_hewitt
roger_federer	marat_safin
roger_federer	marcos_baghdatis
roger_federer	mark_philippoussis
roger_federer	novak_djokovic
roger_federer	pete_sampras
roger_federer	rafael_nadal
roger_federer	robin_söderling
roger_penrose	stephen_hawking
roger_waters	david_gilmour
roh_moo-hyun	kim_dae-jung
roh_moo-hyun	lee_myung-bak
roland_ratzenberger	ayrton_senna
roman_herzog	johannes_rau
roman_polanski	sharon_tate
romano_prodi	josé_manuel_barroso
romano_prodi	silvio_berlusconi
romulus_augustulus	julius_nepos
ronald_reagan	george_h._w._bush
ronald_reagan	jimmy_carter
rosa_luxemburg	karl_liebknecht
rosalynn_carter	jimmy_carter
rubens_barrichello	ayrton_senna
rubens_barrichello	jenson_button
rubens_barrichello	michael_schumacher
rudolf_hess	adolf_hitler
rudolf_ii,_holy_roman_emperor	johannes_kepler
ruhollah_khomeini	ali_khamenei
rupiah_banda	levy_mwanawasa
russell_brand	katy_perry
rutherford_b._hayes	ulysses_s._grant
ryan_phillippe	reese_witherspoon
ryan_reynolds	scarlett_johansson
saddam_hussein	ahmed_hassan_al-bakr
salva_kiir_mayardit	john_garang
salvador_allende	augusto_pinochet
salvador_allende	eduardo_frei_montalva
salvador_allende	fidel_castro
salvador_dalí	luis_buñuel
sam_mendes	kate_winslet
samora_machel	joaquim_chissano
samuel_taylor_coleridge	william_wordsworth
saparmurat_niyazov	gurbanguly_berdimuhamedow
sarah_brightman	andrea_bocelli
sarah_brightman	andrew_lloyd_webber
sarah_jessica_parker	matthew_broderick
seal_(musician)	heidi_klum
sean_astin	patty_duke
sebastián_piñera	michelle_bachelet
selena_gomez	demi_lovato
selena_gomez	miley_cyrus
semyon_budyonny	joseph_stalin
seneca_the_younger	nero
septimius_severus	caracalla
serena_williams	dinara_safina
serena_williams	jelena_janković
serena_williams	justine_henin
serena_williams	maria_sharapova
serena_williams	venus_williams
serge_gainsbourg	brigitte_bardot
serge_gainsbourg	jane_birkin
sergey_brin	larry_page
sergio_leone	clint_eastwood
sharon_tate	roman_polanski
shimon_peres	benjamin_netanyahu
shimon_peres	moshe_katsav
shimon_peres	yasser_arafat
shimon_peres	yitzhak_rabin
shimon_peres	yitzhak_shamir
shinzō_abe	junichiro_koizumi
shinzō_abe	yasuo_fukuda
sid_vicious	nancy_spungen
sidney_altman	thomas_cech
sigmund_freud	carl_jung
silvana_mangano	dino_de_laurentiis
silvio_berlusconi	carlo_azeglio_ciampi
silvio_berlusconi	giuliano_amato
silvio_berlusconi	romano_prodi
simone_de_beauvoir	che_guevara
simone_signoret	yves_montand
simón_bolívar	antonio_josé_de_sucre
sin-itiro_tomonaga	richard_feynman
slash_(musician)	axl_rose
slash_(musician)	duff_mckagan
slash_(musician)	ozzy_osbourne
slobodan_milošević	vojislav_koštunica
snoop_dogg	dr._dre
snoop_dogg	nate_dogg
socrates	alcibiades
sofia_coppola	francis_ford_coppola
soong_may-ling	chiang_kai-shek
sophia_bush	chad_michael_murray
sophocles	aeschylus
spiro_agnew	richard_nixon
stan_lee	steve_ditko
stanley_baldwin	bonar_law
stanley_baldwin	neville_chamberlain
stanley_baldwin	ramsay_macdonald
stanley_cohen_(biochemist)	rita_levi-montalcini
stanley_kubrick	steven_spielberg
steffi_graf	andre_agassi
steffi_graf	arantxa_sánchez_vicario
steffi_graf	chris_evert
steffi_graf	martina_navratilova
stephen_fry	hugh_laurie
stephen_harper	paul_martin
steve_vai	frank_zappa
steve_vai	joe_satriani
steve_vai	yngwie_malmsteen
steve_wozniak	steve_jobs
steven_tyler	aerosmith
steven_tyler	liv_tyler
steven_weinberg	sheldon_lee_glashow
stjepan_mesić	franjo_tuđman
stéphane_grappelli	django_reinhardt
suharto	sukarno
sukarno	suharto
suleiman_the_magnificent	selim_ii
sun_yat-sen	chiang_kai-shek
sun_yat-sen	yuan_shikai
sune_bergström	john_vane
susan_sontag	annie_leibovitz
svetlana_alliluyeva	joseph_stalin
syd_barrett	david_gilmour
ségolène_royal	françois_hollande
ségolène_royal	nicolas_sarkozy
tabaré_vázquez	jorge_batlle_ibáñez
tarja_halonen	martti_ahtisaari
taro_aso	yasuo_fukuda
taro_aso	yukio_hatoyama
ted_hughes	sylvia_plath
ted_kennedy	barack_obama
ted_turner	jane_fonda
thabo_mbeki	nelson_mandela
the_police	andy_summers
the_undertaker	shawn_michaels
the_verve	richard_ashcroft
thelonious_monk	miles_davis
theo_van_gogh_(film_director)	ayaan_hirsi_ali
theodor_w._adorno	max_horkheimer
theodore_roosevelt	william_howard_taft
theodore_roosevelt	william_mckinley
theodore_roosevelt	woodrow_wilson
thomas_aquinas	albertus_magnus
thomas_edison	nikola_tesla
thomas_klestil	heinz_fischer
thomas_klestil	kurt_waldheim
tigran_petrosian	boris_spassky
tigran_petrosian	mikhail_botvinnik
tim_"ripper"_owens	yngwie_malmsteen
tim_burton	danny_elfman
tim_burton	helena_bonham_carter
tim_burton	johnny_depp
tim_robbins	susan_sarandon
timbaland	aaliyah
timbaland	justin_timberlake
timbaland	missy_elliott
timbaland	nelly_furtado
timothy_dalton	pierce_brosnan
timothy_dalton	roger_moore
tippi_hedren	alfred_hitchcock
tippi_hedren	melanie_griffith
tokugawa_iemitsu	tokugawa_hidetada
tokugawa_ieyasu	tokugawa_hidetada
tokugawa_ieyasu	toyotomi_hideyoshi
tom_cruise	katie_holmes
tom_cruise	nicole_kidman
tom_cruise	penélope_cruz
tom_hamilton_(musician)	aerosmith
tommy_robredo	gastón_gaudio
tommy_robredo	nikolay_davydenko
tomáš_garrigue_masaryk	edvard_beneš
tony_blair	gordon_brown
tony_blair	john_major
tony_curtis	janet_leigh
tony_levin	peter_gabriel
toshirō_mifune	akira_kurosawa
traian_băsescu	ion_iliescu
trey_parker	matt_stone
trygve_lie	dag_hammarskjöld
tsung-dao_lee	chen_ning_yang
tutankhamun	akhenaten
tutankhamun	howard_carter
tycho_brahe	johannes_kepler
tzipi_livni	ehud_olmert
téa_leoni	david_duchovny
u_thant	dag_hammarskjöld
ulysses_s._grant	andrew_johnson
uma_thurman	ethan_hawke
umaru_musa_yar'adua	goodluck_jonathan
umaru_musa_yar'adua	olusegun_obasanjo
urho_kekkonen	mauno_koivisto
usain_bolt	asafa_powell
valdis_dombrovskis	ivars_godmanis
valéry_giscard_d'estaing	françois_mitterrand
valéry_giscard_d'estaing	georges_pompidou
valéry_giscard_d'estaing	jacques_chirac
vanessa_redgrave	natasha_richardson
vasco_da_gama	bartolomeu_dias
vasily_smyslov	mikhail_botvinnik
venus_williams	justine_henin
venus_williams	marion_bartoli
venus_williams	serena_williams
vespasian	domitian
vicente_guerrero	guadalupe_victoria
victor_emmanuel_iii_of_italy	benito_mussolini
viktor_chernomyrdin	boris_yeltsin
viktor_yanukovych	viktor_yushchenko
viktor_yanukovych	yulia_tymoshenko
viktor_yushchenko	leonid_kuchma
viktor_yushchenko	viktor_yanukovych
viktor_zubkov	vladimir_putin
vincent_cassel	monica_bellucci
vincent_van_gogh	paul_gauguin
vincente_minnelli	judy_garland
viswanathan_anand	vladimir_kramnik
vivien_leigh	laurence_olivier
vladimir_kramnik	garry_kasparov
vladimir_kramnik	viswanathan_anand
vladimir_lenin	joseph_stalin
vladimir_putin	boris_yeltsin
vladimir_putin	dmitry_medvedev
vojislav_koštunica	slobodan_milošević
vyacheslav_molotov	joseph_stalin
václav_havel	václav_klaus
václav_klaus	václav_havel
walter_houser_brattain	john_bardeen
walter_mondale	jimmy_carter
walter_mondale	ronald_reagan
walter_ulbricht	erich_honecker
wang_jingwei	chiang_kai-shek
wang_jingwei	sun_yat-sen
warren_beatty	annette_bening
warren_beatty	shirley_maclaine
warren_buffett	bill_gates
warren_g._harding	calvin_coolidge
warren_g._harding	woodrow_wilson
wayne_rooney	cristiano_ronaldo
werner_faymann	alfred_gusenbauer
werner_heisenberg	niels_bohr
werner_herzog	klaus_kinski
whitney_houston	kevin_costner
wilhelm_frick	heinrich_himmler
wilhelm_ii,_german_emperor	otto_von_bismarck
wilhelm_maybach	gottlieb_daimler
wilhelm_pieck	otto_grotewohl
wilhelm_steinitz	emanuel_lasker
willi_stoph	erich_honecker
willi_stoph	otto_grotewohl
willi_stoph	walter_ulbricht
william_godwin	mary_wollstonecraft
william_henry_bragg	william_lawrence_bragg
william_henry_harrison	john_tyler
william_henry_harrison	martin_van_buren
william_howard_taft	theodore_roosevelt
william_howard_taft	woodrow_wilson
william_lawrence_bragg	william_henry_bragg
william_mckinley	grover_cleveland
william_mckinley	theodore_roosevelt
william_randolph_hearst	orson_welles
william_shakespeare	christopher_marlowe
william_shockley	john_bardeen
william_shockley	walter_houser_brattain
william_standish_knowles	karl_barry_sharpless
william_standish_knowles	ryōji_noyori
willy_brandt	helmut_schmidt
willy_brandt	kurt_georg_kiesinger
wim_duisenberg	jean-claude_trichet
winston_churchill	adolf_hitler
winston_churchill	anthony_eden
winston_churchill	clement_attlee
winston_churchill	neville_chamberlain
winston_churchill	stanley_baldwin
wojciech_jaruzelski	lech_wałęsa
wolfgang_ketterle	carl_wieman
wolfgang_schüssel	alfred_gusenbauer
woodrow_wilson	william_howard_taft
woody_guthrie	bob_dylan
woody_guthrie	pete_seeger
xanana_gusmão	josé_ramos-horta
yanina_wickmayer	flavia_pennetta
yasser_arafat	yitzhak_rabin
yasuo_fukuda	shinzō_abe
yasuo_fukuda	taro_aso
yaya_touré	kolo_touré
yitzhak_ben-zvi	chaim_weizmann
yitzhak_rabin	golda_meir
yitzhak_rabin	menachem_begin
yitzhak_rabin	shimon_peres
yitzhak_rabin	yasser_arafat
yitzhak_rabin	yitzhak_shamir
yitzhak_shamir	menachem_begin
yitzhak_shamir	shimon_peres
yitzhak_shamir	yitzhak_rabin
yngwie_malmsteen	jimi_hendrix
yngwie_malmsteen	niccolò_paganini
yoko_ono	john_lennon
yoshirō_mori	junichiro_koizumi
yoweri_museveni	idi_amin
yuan_shikai	sun_yat-sen
yukio_hatoyama	naoto_kan
yukio_hatoyama	taro_aso
yulia_tymoshenko	viktor_yanukovych
yulia_tymoshenko	viktor_yushchenko
yuri_andropov	konstantin_chernenko
yuri_andropov	leonid_brezhnev
yves_chauvin	richard_r._schrock
yves_chauvin	robert_h._grubbs
yves_leterme	guy_verhofstadt
yves_leterme	herman_van_rompuy
yves_montand	simone_signoret
zac_efron	vanessa_hudgens
zachary_taylor	millard_fillmore
zakk_wylde	ozzy_osbourne
zhao_ziyang	hua_guofeng
zheng_jie	yan_zi
zhou_enlai	chiang_kai-shek
zhou_enlai	deng_xiaoping
zhu_de	mao_zedong
zhu_de	zhou_enlai
zine_el_abidine_ben_ali	habib_bourguiba
zine_el_abidine_ben_ali	mohamed_ghannouchi
zulfikar_ali_bhutto	muhammad_zia-ul-haq
zviad_gamsakhurdia	eduard_shevardnadze
álvaro_uribe	juan_manuel_santos
æthelred_the_unready	edward_the_martyr
édith_cresson	michel_rocard
